Nom des Mairies,Emails des Mairies
ABLON SUR SEINE,info@ablon-sur-seine.fr
ALFORTVILLE,secretariat.dg@mairie-alfortville.fr
ARCUEIL,mairie@mairie-arcueil.fr
BOISSY SAINT LEGER,info@ville-boissy-saint-leger.fr
BONNEUIL SUR MARNE,contact@ville-bonneuil.fr
BRY SUR MARNE,mairie@bry94.fr
CACHAN,secretariat.maire@ville-cachan.fr
CHAMPIGNY SUR MARNE,secrt.general@mairie-champigny94.fr
CHARENTON LE PONT,communication@charenton.fr
CHENNEVIERES SUR MARNE,webmestre@villechennevieres.fr
CHEVILLY LARUE,cabinetmaire@ville-chevilly-larue.fr
CHOISY LE ROI,choisywebmaster@ville-choisy-le-roi.fr
CRETEIL,le-depute-maire@ville-creteil.fr
FONTENAY SOUS BOIS,dircom@fontenay-sous-bois.fr
FRESNES,webmaster@fresnes94.fr
GENTILLY,contact@ville-gentilly.fr
IVRY SUR SEINE,""
JOINVILLE LE PONT,contact@ville-joinville-le-pont.fr
LA QUEUE EN BRIE,maire@laqueueenbrie.fr
LE KREMLIN BICETRE,contact@ville-kremlin-bicetre.fr
LE PERREUX SUR MARNE,communication.perreux@wanadoo.fr
LE PLESSIS TREVISE,admgenerale@leplessistrevise.fr
L HAY LES ROSES,info.com@ville-lhay94.fr
LIMEIL BREVANNES,contact@limeil-brevannes.fr
MAISONS ALFORT,ville@maisons-alfort.fr
MANDRES LES ROSES,service.communication@ville-mandres-les-roses.fr
MAROLLES EN BRIE,cabinet-maire@mairie-marolles.fr
NOGENT SUR MARNE,jacques.jp.martin@ville-nogentsurmarne.fr
NOISEAU,mairie-de-noiseau@wanadoo.fr
ORLY,contact@ville-orly.fr
ORMESSON SUR MARNE,ccas@ville-ormesson-sur-marne.fr
PERIGNY SUR YERRES,mairie@perigny-sur-yerres.org
RUNGIS,""
SAINT MANDE,secretariat-particulier@mairie-saint-mande.fr
SAINT MAUR DES FOSSES,webmaster@mairie-st-maur.com
SAINT MAURICE,""
SANTENY,mairie@mairie-santeny.fr
SUCY EN BRIE,ServiceCommunication@ville-sucy.fr
THIAIS,contact@ville-thiais.fr
VALENTON,cleduey@ville-valenton.fr
VILLECRESNES,cabinet.du.maire@villecresnes.fr
VILLEJUIF,mairie@ville-villejuif.fr
VILLENEUVE LE ROI,infovilleneuve@ville-villeneuve-le-roi.fr
VILLENEUVE SAINT GEORGES,catherine.guerin@wanadoo.fr
VILLIERS SUR MARNE,contact@mairie-villiers94.com
VINCENNES,vincennes@vincennes.fr
VITRY SUR SEINE,infovitry@mairie-vitry94.fr
